,City,Country,Longitude (Degrees),Latitude (Degrees),Maximum Temperature (F),Humidity (%),Wind Speed (MPH),Cloudiness (%)
0,Kasese,UG,0.17,0.17,62.22,100,2.77,44
1,Port Alfred,ZA,-33.59,-33.59,59.88,85,11.83,0
2,Havoysund,NO,71.0,71.0,44.6,100,2.24,75
3,Kamloops,CA,50.68,50.68,69.8,68,8.05,90
4,Nizhniy Ingash,RU,56.2,56.2,61.59,98,5.28,80
5,Port Elizabeth,US,39.31,39.31,72.27,100,5.39,1
6,Ancud,CL,-41.87,-41.87,48.72,97,10.6,92
7,Kodiak,US,39.95,39.95,68.0,94,5.82,75
8,Ushuaia,AR,-54.81,-54.81,30.2,86,4.7,90
9,Port Alfred,ZA,-33.59,-33.59,59.88,85,11.83,0
10,Tiksi,RU,71.64,71.64,54.39,72,4.0,80
11,Revda,RU,67.94,67.94,48.54,99,3.22,20
12,Sibu,MY,2.29,2.29,82.4,78,4.7,40
13,Coihaique,CL,-45.58,-45.58,37.24,93,3.36,90
14,Kerman,IR,30.29,30.29,71.6,13,4.7,0
15,Khatanga,RU,71.98,71.98,58.35,91,20.45,100
16,Hermanus,ZA,-34.42,-34.42,53.31,92,6.13,48
17,Pointe Michel,DM,15.25,15.25,76.62,100,16.8,92
18,Puerto Ayora,EC,-0.74,-0.74,71.31,100,12.17,8
19,Geraldton,CA,49.72,49.72,66.2,45,6.93,40
20,Ushuaia,AR,-54.81,-54.81,30.2,86,4.7,90
21,Provideniya,RU,64.42,64.42,48.2,81,15.66,90
22,Bluff,AU,-23.58,-23.58,71.85,49,11.43,0
23,Sonoita,US,31.68,31.68,89.76,15,8.05,1
24,Yabelo,ET,4.89,4.89,49.17,90,2.55,0
25,Chokurdakh,RU,70.62,70.62,57.9,88,9.86,0
26,Punta Arenas,CL,-53.16,-53.16,33.8,74,28.86,75
27,Vaini,IN,15.34,15.34,69.87,99,3.56,92
28,Yeppoon,AU,-23.13,-23.13,75.2,47,12.75,20
29,Arraial do Cabo,BR,-22.97,-22.97,69.51,94,9.93,0
30,Ribeira Grande,PT,38.52,38.52,69.6,100,8.63,92
31,Ancud,CL,-41.87,-41.87,48.72,97,10.6,92
32,Upernavik,GL,72.79,72.79,33.42,92,2.21,88
33,Ponta do Sol,BR,-20.63,-20.63,58.62,89,4.5,88
34,Kodiak,US,39.95,39.95,68.0,94,5.82,75
35,Bredasdorp,ZA,-34.53,-34.53,60.51,87,19.89,92
36,Punta Arenas,CL,-53.16,-53.16,33.8,74,28.86,75
37,Castro,CL,-42.48,-42.48,48.09,100,10.94,92
38,Hobart,AU,-42.88,-42.88,55.4,58,10.29,75
39,Nelson Bay,AU,-32.72,-32.72,53.6,93,9.17,75
40,Butaritari,KI,3.07,3.07,83.46,100,10.09,36
41,Ixtapa,MX,20.71,20.71,78.8,74,6.93,40
42,San Cristobal,EC,-0.39,-0.39,48.2,93,9.17,40
43,North Bend,US,43.41,43.41,61.7,77,8.05,90
44,Ilulissat,GL,69.22,69.22,35.6,80,4.7,88
45,Kapaa,US,22.08,22.08,83.19,66,12.75,40
46,Jamestown,AU,-33.21,-33.21,56.37,49,5.39,0
47,Puerto Ayora,EC,-0.74,-0.74,71.31,100,12.17,8
48,Rio Grande,BR,-32.03,-32.03,48.99,97,15.64,0
49,Qaanaaq,GL,77.48,77.48,29.64,100,4.56,56
50,Dzhebariki-Khaya,RU,62.22,62.22,63.3,49,6.06,92
51,Rikitea,PF,-23.12,-23.12,70.41,100,10.04,92
52,Vaini,IN,15.34,15.34,69.87,99,3.56,92
53,Port Alfred,ZA,-33.59,-33.59,59.88,85,11.83,0
54,Tuktoyaktuk,CA,69.44,69.44,51.8,57,12.75,75
55,New Norfolk,AU,-42.78,-42.78,55.4,58,10.29,75
56,Khash,IR,28.22,28.22,75.81,19,5.84,0
57,Hojslev,DK,56.59,56.59,44.6,93,8.05,0
58,Grand Gaube,MU,-20.01,-20.01,69.8,94,2.24,40
59,Port Elizabeth,US,39.31,39.31,72.27,100,5.39,1
60,Lethem,GY,3.38,3.38,66.72,98,2.71,32
61,Nizwa,OM,22.93,22.93,82.11,34,2.59,20
62,Gumdag,TM,39.2,39.2,71.49,60,4.61,0
63,Sao Joao da Barra,BR,-21.64,-21.64,74.28,97,18.03,0
64,Mataura,NZ,-46.19,-46.19,40.62,92,4.56,36
65,Ribeira Grande,PT,38.52,38.52,69.6,100,8.63,92
66,Punta Arenas,CL,-53.16,-53.16,33.8,74,28.86,75
67,Bilma,NE,18.69,18.69,78.96,41,3.38,32
68,Lavrentiya,RU,65.58,65.58,41.34,83,20.22,92
69,Sigli,ID,5.38,5.38,80.31,95,1.77,80
70,Cidreira,BR,-30.17,-30.17,59.97,98,10.16,100
71,Douglas,US,31.34,31.34,87.8,12,10.29,1
72,Saint-Augustin,FR,44.83,44.83,64.4,63,9.17,0
73,Qaanaaq,GL,77.48,77.48,29.64,100,4.56,56
74,Berlevag,NO,70.86,70.86,44.6,93,5.82,90
75,Bluff,AU,-23.58,-23.58,71.85,49,11.43,0
76,Punta Arenas,CL,-53.16,-53.16,33.8,74,28.86,75
77,Oranjemund,ZA,-28.55,-28.55,57.99,100,9.93,0
78,Rikitea,PF,-23.12,-23.12,70.41,100,10.04,92
79,Uvat,RU,59.14,59.14,59.07,72,6.58,44
80,Albany,US,42.65,42.65,62.19,45,10.29,20
81,Ushuaia,AR,-54.81,-54.81,30.2,86,4.7,90
82,Rikitea,PF,-23.12,-23.12,70.41,100,10.04,92
83,Thinadhoo,MV,0.53,0.53,83.82,100,9.26,56
84,Atuona,PF,-9.8,-9.8,80.67,100,15.97,0
85,Umm Kaddadah,SD,13.6,13.6,70.59,95,3.22,8
86,Bredasdorp,ZA,-34.53,-34.53,60.51,87,19.89,92
87,Hermanus,ZA,-34.42,-34.42,53.31,92,6.13,48
88,Kodiak,US,39.95,39.95,68.0,94,5.82,75
89,Inuvik,CA,68.36,68.36,69.8,43,14.99,40
90,Ushuaia,AR,-54.81,-54.81,30.2,86,4.7,90
91,Busselton,AU,-33.64,-33.64,60.24,100,5.23,64
92,Port Macquarie,AU,-31.43,-31.43,66.2,52,2.24,0
93,Kapaa,US,22.08,22.08,83.19,66,12.75,40
94,Kirillov,RU,59.86,59.86,60.24,75,9.26,32
95,Vaini,IN,15.34,15.34,69.87,99,3.56,92
96,Hasaki,JP,35.73,35.73,78.12,69,8.05,75
97,Makat,KZ,47.65,47.65,74.1,34,4.56,0
98,Barrow,AR,-38.31,-38.31,35.22,61,5.73,0
99,Rikitea,PF,-23.12,-23.12,70.41,100,10.04,92
100,Paamiut,GL,61.99,61.99,38.01,96,30.62,92
101,La Union,GT,14.97,14.97,66.99,100,1.99,76
102,Buraydah,SA,26.33,26.33,80.6,30,9.17,0
103,Qaanaaq,GL,77.48,77.48,29.64,100,4.56,56
104,High Level,CA,58.52,58.52,82.4,45,9.17,75
105,Cape Town,ZA,-33.93,-33.93,57.2,93,11.41,75
106,Shingu,JP,33.72,33.72,78.8,69,3.36,75
107,Srednekolymsk,RU,67.46,67.46,76.62,32,3.11,12
108,Atuona,PF,-9.8,-9.8,80.67,100,15.97,0
109,Jamestown,AU,-33.21,-33.21,56.37,49,5.39,0
110,Kudahuvadhoo,MV,2.67,2.67,83.82,100,10.87,24
111,Butaritari,KI,3.07,3.07,83.46,100,10.09,36
112,Kirkenaer,NO,60.46,60.46,47.37,60,10.42,0
113,Puerto Ayora,EC,-0.74,-0.74,71.31,100,12.17,8
114,Ulundi,ZA,-28.29,-28.29,42.51,52,4.27,0
115,Makakilo City,US,21.35,21.35,85.53,48,10.29,40
116,Los Llanos de Aridane,ES,28.66,28.66,68.0,72,6.93,48
117,Kapaa,US,22.08,22.08,83.19,66,12.75,40
118,Ribeira Grande,PT,38.52,38.52,69.6,100,8.63,92
119,Chuy,UY,-33.69,-33.69,45.21,90,14.34,0
120,Jamestown,AU,-33.21,-33.21,56.37,49,5.39,0
121,Hilo,US,19.71,19.71,73.08,65,9.17,20
122,Mataura,NZ,-46.19,-46.19,40.62,92,4.56,36
123,Vao,EE,59.1,59.1,54.66,95,13.06,76
124,San Ramon,NI,12.92,12.92,71.22,94,2.04,100
125,Takaka,NZ,-40.86,-40.86,50.61,89,2.82,0
126,Hofn,IS,64.25,64.25,47.91,96,19.6,64
127,Hithadhoo,MV,-0.6,-0.6,82.83,100,8.75,48
128,Saint-Philippe,CA,45.36,45.36,58.66,93,2.77,1
129,Ponta do Sol,BR,-20.63,-20.63,58.62,89,4.5,88
130,Margate,AU,-43.03,-43.03,55.4,58,10.29,75
131,Arraial do Cabo,BR,-22.97,-22.97,69.51,94,9.93,0
132,Rikitea,PF,-23.12,-23.12,70.41,100,10.04,92
133,Jamestown,AU,-33.21,-33.21,56.37,49,5.39,0
134,Sao Filipe,CV,14.9,14.9,72.3,100,13.67,0
135,Busselton,AU,-33.64,-33.64,60.24,100,5.23,64
136,Mataura,NZ,-46.19,-46.19,40.62,92,4.56,36
137,Mauriti,BR,-7.39,-7.39,75.63,58,12.66,80
138,Yellowknife,CA,62.45,62.45,71.6,46,9.17,75
139,Ketchikan,US,55.34,55.34,56.57,77,8.05,90
140,Rikitea,PF,-23.12,-23.12,70.41,100,10.04,92
141,Rikitea,PF,-23.12,-23.12,70.41,100,10.04,92
142,Ushuaia,AR,-54.81,-54.81,30.2,86,4.7,90
143,Port Elizabeth,US,39.31,39.31,72.27,100,5.39,1
144,Scarborough,GB,54.28,54.28,49.35,71,5.82,0
145,Aldan,RU,58.61,58.61,57.27,84,4.12,68
146,Fortuna,ES,38.18,38.18,68.0,77,4.7,0
147,Jamestown,AU,-33.21,-33.21,56.37,49,5.39,0
148,Yellowknife,CA,62.45,62.45,71.6,46,9.17,75
149,Berlevag,NO,70.86,70.86,44.6,93,5.82,90
150,Husavik,CA,50.56,50.56,78.96,43,5.06,44
151,Arraial do Cabo,BR,-22.97,-22.97,69.51,94,9.93,0
152,Grand Gaube,MU,-20.01,-20.01,69.8,94,2.24,40
153,Rikitea,PF,-23.12,-23.12,70.41,100,10.04,92
154,Cape Town,ZA,-33.93,-33.93,57.2,93,11.41,75
155,Cidreira,BR,-30.17,-30.17,59.97,98,10.16,100
156,Puerto Ayora,EC,-0.74,-0.74,71.31,100,12.17,8
157,Cidreira,BR,-30.17,-30.17,59.97,98,10.16,100
158,Upernavik,GL,72.79,72.79,33.42,92,2.21,88
159,Honningsvag,NO,70.98,70.98,43.23,100,6.02,92
160,Ushuaia,AR,-54.81,-54.81,30.2,86,4.7,90
161,Namatanai,PG,-3.66,-3.66,81.21,100,4.34,12
162,Shimoda,JP,34.7,34.7,75.2,73,5.82,75
163,Ancud,CL,-41.87,-41.87,48.72,97,10.6,92
164,Cabo San Lucas,MX,22.89,22.89,76.06,32,14.79,5
165,Shush,RU,55.6,55.6,72.93,69,8.52,0
166,Valreas,FR,44.38,44.38,68.95,60,24.16,0
167,Sinnamary,GF,5.38,5.38,79.14,100,8.41,88
168,Kruisfontein,ZA,-34.0,-34.0,59.34,91,17.31,0
169,Codrington,AU,-28.95,-28.95,63.93,71,5.01,0
170,Kenora,CA,49.76,49.76,75.24,60,5.79,1
171,Arraial do Cabo,BR,-22.97,-22.97,69.51,94,9.93,0
172,Albany,US,42.65,42.65,62.19,45,10.29,20
173,Castro,CL,-42.48,-42.48,48.09,100,10.94,92
174,Bagotville,AU,-28.98,-28.98,66.99,100,12.44,76
175,Salekhard,RU,66.54,66.54,61.77,75,23.73,24
176,Bredasdorp,ZA,-34.53,-34.53,60.51,87,19.89,92
177,Sitka,US,37.17,37.17,79.14,42,8.3,0
178,Camopi,GF,3.17,3.17,74.19,96,1.7,44
179,Pevek,RU,69.7,69.7,49.62,70,1.48,0
180,Mataura,NZ,-46.19,-46.19,40.62,92,4.56,36
181,Salinopolis,BR,-0.61,-0.61,81.39,96,13.06,80
182,Krivosheino,RU,57.34,57.34,64.29,72,7.63,92
183,Bubaque,GW,11.28,11.28,77.0,94,3.36,20
184,Rikitea,PF,-23.12,-23.12,70.41,100,10.04,92
185,Mardin,TR,37.32,37.32,69.8,60,6.93,0
186,Yellowknife,CA,62.45,62.45,71.6,46,9.17,75
187,Narsaq,GL,60.91,60.91,39.2,93,3.36,92
188,Saint-Philippe,CA,45.36,45.36,58.66,93,2.77,1
189,Yellowknife,CA,62.45,62.45,71.6,46,9.17,75
190,Cabo San Lucas,MX,22.89,22.89,76.06,32,14.79,5
191,Coos Bay,US,43.37,43.37,61.7,72,11.41,1
192,Puerto Ayora,EC,-0.74,-0.74,71.31,100,12.17,8
193,Bluff,AU,-23.58,-23.58,71.85,49,11.43,0
194,Avarua,CK,-21.21,-21.21,78.8,83,5.82,40
195,Harper,US,30.3,30.3,84.18,48,9.17,1
196,Puerto Ayora,EC,-0.74,-0.74,71.31,100,12.17,8
197,Nikolskoye,RU,59.7,59.7,64.4,77,8.95,0
198,Castro,CL,-42.48,-42.48,48.09,100,10.94,92
199,Mareeba,AU,-16.99,-16.99,80.6,44,18.34,20
200,Houston,US,29.76,29.76,81.01,88,3.36,75
201,Bambous Virieux,MU,-20.34,-20.34,69.8,94,2.24,40
202,Miyako,JP,33.63,33.63,77.38,48,11.41,75
203,Mataura,NZ,-46.19,-46.19,40.62,92,4.56,36
204,Jamestown,AU,-33.21,-33.21,56.37,49,5.39,0
205,Providencia,CO,1.24,1.24,47.19,93,2.21,12
206,Cayenne,GF,4.94,4.94,77.0,94,4.72,0
207,Antofagasta,CL,-23.65,-23.65,55.4,76,3.36,90
208,Hilo,US,19.71,19.71,73.08,65,9.17,20
209,Khorramabad,IR,33.48,33.48,55.56,49,2.77,0
210,Wanning,AT,48.64,48.64,60.8,67,5.82,75
211,Knysna,ZA,-34.04,-34.04,58.26,91,13.33,68
212,Sfantu Gheorghe,RO,44.65,44.65,65.3,100,4.7,0
213,Lata,IN,30.78,30.78,66.54,74,1.77,0
214,Rikitea,PF,-23.12,-23.12,70.41,100,10.04,92
215,Arman,RU,59.7,59.7,60.8,63,4.47,40
216,Ponta do Sol,BR,-20.63,-20.63,58.62,89,4.5,88
217,Utena,LT,55.5,55.5,53.31,92,14.07,64
218,Albany,US,42.65,42.65,62.19,45,10.29,20
219,Castro,CL,-42.48,-42.48,48.09,100,10.94,92
220,Yar-Sale,RU,66.83,66.83,51.24,74,16.58,88
221,Egvekinot,RU,66.32,66.32,57.36,33,3.56,0
222,Provideniya,RU,64.42,64.42,48.2,81,15.66,90
223,Mahebourg,MU,-20.41,-20.41,69.8,94,2.24,40
224,Sistranda,NO,63.73,63.73,48.2,81,18.34,75
225,Beidao,CN,34.57,34.57,72.66,82,3.49,32
226,Wiang Sa,TH,8.64,8.64,85.17,88,5.82,20
227,Saldanha,PT,41.42,41.42,60.69,91,5.35,0
228,Shahr-e Babak,IR,30.12,30.12,69.33,21,2.48,0
229,Trairi,BR,-3.28,-3.28,80.85,99,20.56,8
230,Saint George,GR,39.45,39.45,66.2,72,3.89,20
231,Vieux-Habitants,GP,16.06,16.06,75.2,94,8.05,80
232,Tuktoyaktuk,CA,69.44,69.44,51.8,57,12.75,75
233,Butaritari,KI,3.07,3.07,83.46,100,10.09,36
234,Eureka,US,40.8,40.8,61.14,82,10.29,90
235,Petatlan,MX,17.52,17.52,84.2,70,8.3,40
236,Dikson,RU,73.51,73.51,34.32,90,16.58,0
237,Cam Ranh,VN,11.92,11.92,86.43,78,3.38,20
238,De Aar,ZA,-30.65,-30.65,28.47,67,3.38,0
239,Vao,EE,59.1,59.1,54.66,95,13.06,76
240,Hobart,AU,-42.88,-42.88,55.4,58,10.29,75
241,Mahebourg,MU,-20.41,-20.41,69.8,94,2.24,40
242,Alta Floresta,BR,-9.87,-9.87,74.37,71,3.04,44
243,Rikitea,PF,-23.12,-23.12,70.41,100,10.04,92
244,Arman,RU,59.7,59.7,60.8,63,4.47,40
245,Khatanga,RU,71.98,71.98,58.35,91,20.45,100
246,Albany,US,42.65,42.65,62.19,45,10.29,20
247,Kapaa,US,22.08,22.08,83.19,66,12.75,40
248,Bluff,AU,-23.58,-23.58,71.85,49,11.43,0
249,New Norfolk,AU,-42.78,-42.78,55.4,58,10.29,75
250,Mayor Pablo Lagerenza,PY,-19.93,-19.93,73.2,57,4.23,76
251,Busselton,AU,-33.64,-33.64,60.24,100,5.23,64
252,Haines Junction,CA,60.75,60.75,62.49,41,4.12,0
253,Cape Town,ZA,-33.93,-33.93,57.2,93,11.41,75
254,Lebu,ET,8.96,8.96,41.79,79,2.59,0
255,Bredasdorp,ZA,-34.53,-34.53,60.51,87,19.89,92
256,Petropavlovsk-Kamchatskiy,RU,53.05,53.05,48.2,81,6.71,75
257,Dikson,RU,73.51,73.51,34.32,90,16.58,0
258,Atuona,PF,-9.8,-9.8,80.67,100,15.97,0
259,Emmett,US,43.87,43.87,80.22,34,6.93,1
260,Chokurdakh,RU,70.62,70.62,57.9,88,9.86,0
261,Shingu,JP,33.72,33.72,78.8,69,3.36,75
262,Butaritari,KI,3.07,3.07,83.46,100,10.09,36
263,Yellowknife,CA,62.45,62.45,71.6,46,9.17,75
264,Turia,RU,50.89,50.89,65.46,67,6.02,0
265,Nizhnevartovsk,RU,60.93,60.93,59.0,87,15.66,40
266,Aklavik,CA,68.22,68.22,69.8,43,14.99,40
267,Panguipulli,CL,-39.64,-39.64,46.4,100,3.36,90
268,Mataura,NZ,-46.19,-46.19,40.62,92,4.56,36
269,Leningradskiy,RU,69.38,69.38,33.78,92,14.18,0
270,Yuzhne,UA,48.22,48.22,64.4,59,4.47,0
271,New Norfolk,AU,-42.78,-42.78,55.4,58,10.29,75
272,Mana,RS,43.52,43.52,59.0,100,1.12,0
273,Kautokeino,NO,69.01,69.01,45.57,100,3.0,68
274,Lebu,ET,8.96,8.96,41.79,79,2.59,0
275,Owando,CG,-0.49,-0.49,70.32,88,3.11,8
276,Mataura,NZ,-46.19,-46.19,40.62,92,4.56,36
277,Hohhot,CN,40.81,40.81,71.6,64,4.47,20
278,Atuona,PF,-9.8,-9.8,80.67,100,15.97,0
279,Iqaluit,CA,63.75,63.75,33.8,98,12.75,90
280,Makakilo City,US,21.35,21.35,85.53,48,10.29,40
281,Panzhihua,CN,26.59,26.59,71.85,87,3.22,48
282,Hasaki,JP,35.73,35.73,78.12,69,8.05,75
283,Punta Arenas,CL,-53.16,-53.16,33.8,74,28.86,75
284,Kodiak,US,39.95,39.95,68.0,94,5.82,75
285,Ushuaia,AR,-54.81,-54.81,30.2,86,4.7,90
286,Nemuro,JP,43.32,43.32,68.0,72,3.36,75
287,Longyearbyen,NO,78.22,78.22,41.0,75,10.29,20
288,Albany,US,42.65,42.65,62.19,45,10.29,20
289,Albany,US,42.65,42.65,62.19,45,10.29,20
290,Pringsewu,ID,-5.36,-5.36,81.57,83,3.6,64
291,Qarqin,AF,37.41,37.41,77.16,31,5.39,0
292,Fairbanks,US,64.84,64.84,82.92,23,16.11,20
293,Hithadhoo,MV,-0.6,-0.6,82.83,100,8.75,48
294,Port Elizabeth,US,39.31,39.31,72.27,100,5.39,1
295,Nome,US,30.04,30.04,79.66,83,4.7,1
296,Vaini,IN,15.34,15.34,69.87,99,3.56,92
297,Hilo,US,19.71,19.71,73.08,65,9.17,20
298,Atuona,PF,-9.8,-9.8,80.67,100,15.97,0
299,Qaanaaq,GL,77.48,77.48,29.64,100,4.56,56
300,Barrow,AR,-38.31,-38.31,35.22,61,5.73,0
301,Port Alfred,ZA,-33.59,-33.59,59.88,85,11.83,0
302,Grand Forks,US,47.91,47.91,77.49,57,3.36,1
303,Lebu,ET,8.96,8.96,41.79,79,2.59,0
304,Upernavik,GL,72.79,72.79,33.42,92,2.21,88
305,Dikson,RU,73.51,73.51,34.32,90,16.58,0
306,La Ronge,CA,55.1,55.1,77.0,53,4.7,90
307,Nikolskoye,RU,59.7,59.7,64.4,77,8.95,0
308,Rawson,AR,-43.3,-43.3,42.42,51,7.4,44
309,Lebu,ET,8.96,8.96,41.79,79,2.59,0
310,Avarua,CK,-21.21,-21.21,78.8,83,5.82,40
311,Cap Malheureux,MU,-19.98,-19.98,69.8,94,2.24,40
312,Cape Town,ZA,-33.93,-33.93,57.2,93,11.41,75
313,Rikitea,PF,-23.12,-23.12,70.41,100,10.04,92
314,Xucheng,CN,33.0,33.0,78.69,71,8.93,0
315,Port Elizabeth,US,39.31,39.31,72.27,100,5.39,1
316,Khorixas,NA,-20.37,-20.37,44.04,60,3.78,0
317,Khandbari,NP,27.38,27.38,47.37,64,1.77,32
318,Busselton,AU,-33.64,-33.64,60.24,100,5.23,64
319,Vaini,IN,15.34,15.34,69.87,99,3.56,92
320,Butaritari,KI,3.07,3.07,83.46,100,10.09,36
321,Kampong Thum,KH,12.71,12.71,85.8,86,4.05,48
322,Richards Bay,ZA,-28.77,-28.77,57.36,95,4.34,0
323,New Norfolk,AU,-42.78,-42.78,55.4,58,10.29,75
324,Nikolskoye,RU,59.7,59.7,64.4,77,8.95,0
325,Hobart,AU,-42.88,-42.88,55.4,58,10.29,75
326,Punta Arenas,CL,-53.16,-53.16,33.8,74,28.86,75
327,Clyde River,CA,70.47,70.47,35.6,100,11.41,90
328,New Norfolk,AU,-42.78,-42.78,55.4,58,10.29,75
329,Castro,CL,-42.48,-42.48,48.09,100,10.94,92
330,Vaini,IN,15.34,15.34,69.87,99,3.56,92
331,Cidreira,BR,-30.17,-30.17,59.97,98,10.16,100
332,Deputatskiy,RU,69.3,69.3,72.75,24,3.6,88
333,Rikitea,PF,-23.12,-23.12,70.41,100,10.04,92
334,Bedi,NG,13.39,13.39,75.72,85,10.6,92
335,Husavik,CA,50.56,50.56,78.96,43,5.06,44
336,Poum,MK,41.28,41.28,52.32,97,1.81,0
337,Busselton,AU,-33.64,-33.64,60.24,100,5.23,64
338,Gorom-Gorom,BF,14.45,14.45,81.57,55,11.32,0
339,Mataura,NZ,-46.19,-46.19,40.62,92,4.56,36
340,College,US,64.86,64.86,80.6,30,14.99,75
341,Chokurdakh,RU,70.62,70.62,57.9,88,9.86,0
342,Saint-Joseph,FR,43.56,43.56,71.06,88,4.7,0
343,Kavieng,PG,-2.57,-2.57,84.99,100,4.27,8
344,Ushuaia,AR,-54.81,-54.81,30.2,86,4.7,90
345,Kjollefjord,NO,70.95,70.95,44.6,93,5.82,90
346,Port Alfred,ZA,-33.59,-33.59,59.88,85,11.83,0
347,Castro,CL,-42.48,-42.48,48.09,100,10.94,92
348,Egvekinot,RU,66.32,66.32,57.36,33,3.56,0
349,Bluff,AU,-23.58,-23.58,71.85,49,11.43,0
350,Jamestown,AU,-33.21,-33.21,56.37,49,5.39,0
351,Vaini,IN,15.34,15.34,69.87,99,3.56,92
352,East London,ZA,-33.02,-33.02,65.19,100,16.35,0
353,Albany,US,42.65,42.65,62.19,45,10.29,20
354,Smila,UA,49.23,49.23,65.82,76,4.12,12
355,Luanda,AO,-8.83,-8.83,68.34,100,5.01,12
356,Dikson,RU,73.51,73.51,34.32,90,16.58,0
357,Hithadhoo,MV,-0.6,-0.6,82.83,100,8.75,48
358,Codrington,AU,-28.95,-28.95,63.93,71,5.01,0
359,Amzya,RU,56.24,56.24,55.65,97,10.27,92
360,Klaksvik,FO,62.23,62.23,48.2,100,23.04,88
361,Butaritari,KI,3.07,3.07,83.46,100,10.09,36
362,Kapaa,US,22.08,22.08,83.19,66,12.75,40
363,Atuona,PF,-9.8,-9.8,80.67,100,15.97,0
364,Qaanaaq,GL,77.48,77.48,29.64,100,4.56,56
365,Rikitea,PF,-23.12,-23.12,70.41,100,10.04,92
366,Hobart,AU,-42.88,-42.88,55.4,58,10.29,75
367,Hilo,US,19.71,19.71,73.08,65,9.17,20
368,Contamana,PE,-7.35,-7.35,73.29,85,1.77,0
369,Busselton,AU,-33.64,-33.64,60.24,100,5.23,64
370,Yellowknife,CA,62.45,62.45,71.6,46,9.17,75
371,Necochea,AR,-38.55,-38.55,44.49,66,10.16,0
372,Spalding,GB,52.79,52.79,47.97,81,11.41,0
373,Kapaa,US,22.08,22.08,83.19,66,12.75,40
374,Bredasdorp,ZA,-34.53,-34.53,60.51,87,19.89,92
375,Hilo,US,19.71,19.71,73.08,65,9.17,20
376,Dwarka,IN,28.58,28.58,95.0,44,5.82,20
377,Hobyo,SO,5.35,5.35,75.09,78,20.15,20
378,Bathsheba,BB,13.22,13.22,75.2,94,14.99,40
379,Yellowknife,CA,62.45,62.45,71.6,46,9.17,75
380,Birao,CF,10.3,10.3,70.59,93,2.89,20
381,Batagay-Alyta,RU,67.8,67.8,71.04,45,3.0,0
382,Ayacucho,PE,-13.16,-13.16,22.71,76,2.48,0
383,Hobart,AU,-42.88,-42.88,55.4,58,10.29,75
384,Havelock,US,34.88,34.88,79.74,94,5.82,90
385,Dudinka,RU,69.41,69.41,62.94,89,13.06,8
386,Pingdu,CN,36.79,36.79,86.0,40,4.47,0
387,Vallenar,CL,-28.58,-28.58,46.29,67,2.71,0
388,Port Hardy,CA,50.7,50.7,59.0,77,8.05,75
389,Nandu,CN,31.44,31.44,71.6,94,8.95,40
390,Punta Arenas,CL,-53.16,-53.16,33.8,74,28.86,75
391,Chapais,CA,49.78,49.78,53.6,54,3.36,90
392,Rikitea,PF,-23.12,-23.12,70.41,100,10.04,92
393,Vieques,PR,18.43,18.43,79.72,83,6.93,40
394,Bondo,CD,3.81,3.81,68.79,100,2.1,92
395,Provideniya,RU,64.42,64.42,48.2,81,15.66,90
396,Rikitea,PF,-23.12,-23.12,70.41,100,10.04,92
397,Souillac,FR,45.6,45.6,58.01,62,14.99,0
398,Atuona,PF,-9.8,-9.8,80.67,100,15.97,0
399,Northam,GB,51.04,51.04,46.4,75,4.7,0
400,Pangnirtung,CA,66.15,66.15,30.81,90,3.78,36
401,Ancud,CL,-41.87,-41.87,48.72,97,10.6,92
402,Mataura,NZ,-46.19,-46.19,40.62,92,4.56,36
403,Rikitea,PF,-23.12,-23.12,70.41,100,10.04,92
404,Vaini,IN,15.34,15.34,69.87,99,3.56,92
405,Hilo,US,19.71,19.71,73.08,65,9.17,20
406,Plainview,US,34.18,34.18,89.13,39,9.17,1
407,Chitipa,MW,-9.7,-9.7,59.97,83,11.16,0
408,Mataura,NZ,-46.19,-46.19,40.62,92,4.56,36
409,Pevek,RU,69.7,69.7,49.62,70,1.48,0
410,Alofi,NU,-19.06,-19.06,82.4,69,8.05,40
411,Santa Vitoria,BR,-7.82,-7.82,73.11,92,2.37,12
412,Kaka,TM,37.35,37.35,72.75,44,2.71,0
413,Hermanus,ZA,-34.42,-34.42,53.31,92,6.13,48
414,Yellowknife,CA,62.45,62.45,71.6,46,9.17,75
415,Rikitea,PF,-23.12,-23.12,70.41,100,10.04,92
416,Mogadishu,SO,2.04,2.04,77.88,100,19.15,68
417,Ca Mau,VN,9.18,9.18,87.87,85,4.61,20
418,Upernavik,GL,72.79,72.79,33.42,92,2.21,88
419,Cam Ranh,VN,11.92,11.92,86.43,78,3.38,20
420,Tessalit,ML,20.2,20.2,79.68,15,10.42,0
421,Yellowknife,CA,62.45,62.45,71.6,46,9.17,75
422,Torbay,CA,47.66,47.66,55.4,76,13.87,40
423,Cap Malheureux,MU,-19.98,-19.98,69.8,94,2.24,40
424,Chuy,UY,-33.69,-33.69,45.21,90,14.34,0
425,Busselton,AU,-33.64,-33.64,60.24,100,5.23,64
426,Albany,US,42.65,42.65,62.19,45,10.29,20
427,Mahebourg,MU,-20.41,-20.41,69.8,94,2.24,40
428,Guerrero Negro,MX,27.97,27.97,64.38,85,10.27,0
429,Cape Town,ZA,-33.93,-33.93,57.2,93,11.41,75
430,Mataura,NZ,-46.19,-46.19,40.62,92,4.56,36
431,Hermanus,ZA,-34.42,-34.42,53.31,92,6.13,48
432,Arinos,BR,-15.92,-15.92,68.97,58,3.89,44
433,Punta Arenas,CL,-53.16,-53.16,33.8,74,28.86,75
434,Eyl,SO,7.98,7.98,80.4,77,23.73,0
435,Port Alfred,ZA,-33.59,-33.59,59.88,85,11.83,0
436,Koshurnikovo,RU,54.3,54.3,62.76,76,3.22,0
437,Iqaluit,CA,63.75,63.75,33.8,98,12.75,90
438,Khatanga,RU,71.98,71.98,58.35,91,20.45,100
439,Tuatapere,NZ,-46.13,-46.13,44.04,100,4.56,0
440,Mataura,NZ,-46.19,-46.19,40.62,92,4.56,36
441,Arraial do Cabo,BR,-22.97,-22.97,69.51,94,9.93,0
442,Seymchan,RU,62.93,62.93,71.4,28,6.85,20
443,Jamestown,AU,-33.21,-33.21,56.37,49,5.39,0
444,Kodiak,US,39.95,39.95,68.0,94,5.82,75
445,Tasiilaq,GL,65.61,65.61,39.2,93,3.36,92
446,Bluff,AU,-23.58,-23.58,71.85,49,11.43,0
447,Rawson,AR,-43.3,-43.3,42.42,51,7.4,44
448,Yellowknife,CA,62.45,62.45,71.6,46,9.17,75
449,Mataura,NZ,-46.19,-46.19,40.62,92,4.56,36
450,Sao Joao da Barra,BR,-21.64,-21.64,74.28,97,18.03,0
451,Ushuaia,AR,-54.81,-54.81,30.2,86,4.7,90
452,Komsomolskiy,RU,67.55,67.55,56.37,83,14.67,0
453,Vaini,IN,15.34,15.34,69.87,99,3.56,92
454,Lake Havasu City,US,34.47,34.47,105.89,11,8.05,1
455,Petropavlovsk-Kamchatskiy,RU,53.05,53.05,48.2,81,6.71,75
456,Goderich,CA,43.74,43.74,64.02,49,13.44,56
457,Rikitea,PF,-23.12,-23.12,70.41,100,10.04,92
458,Tuatapere,NZ,-46.13,-46.13,44.04,100,4.56,0
459,Tiksi,RU,71.64,71.64,54.39,72,4.0,80
460,Grand Gaube,MU,-20.01,-20.01,69.8,94,2.24,40
461,Mhlambanyatsi,SZ,-26.45,-26.45,40.44,66,2.33,0
462,Leningradskiy,RU,69.38,69.38,33.78,92,14.18,0
463,Fortuna,ES,38.18,38.18,68.0,77,4.7,0
464,Punta Arenas,CL,-53.16,-53.16,33.8,74,28.86,75
465,Luderitz,NA,-26.65,-26.65,51.96,87,11.16,0
466,Sabang,PH,13.72,13.72,83.01,97,3.56,36
467,Punta Arenas,CL,-53.16,-53.16,33.8,74,28.86,75
468,Hobart,AU,-42.88,-42.88,55.4,58,10.29,75
469,Busselton,AU,-33.64,-33.64,60.24,100,5.23,64
470,Rikitea,PF,-23.12,-23.12,70.41,100,10.04,92
471,Coquimbo,CL,-29.95,-29.95,48.2,93,5.82,0
472,Shimoda,JP,34.7,34.7,75.2,73,5.82,75
473,Ushuaia,AR,-54.81,-54.81,30.2,86,4.7,90
474,Yellowknife,CA,62.45,62.45,71.6,46,9.17,75
475,Ifanadiana,MG,-21.3,-21.3,50.79,89,2.59,0
476,Vieques,PR,18.43,18.43,79.72,83,6.93,40
477,Airai,TL,-8.93,-8.93,80.76,52,2.71,12
478,Cabra,ES,37.47,37.47,67.01,68,3.36,0
479,Albany,US,42.65,42.65,62.19,45,10.29,20
480,Yellowknife,CA,62.45,62.45,71.6,46,9.17,75
481,Riyadh,SA,24.63,24.63,82.4,15,2.24,0
482,Tasiilaq,GL,65.61,65.61,39.2,93,3.36,92
483,Hithadhoo,MV,-0.6,-0.6,82.83,100,8.75,48
484,North Bend,US,43.41,43.41,61.7,77,8.05,90
485,Yellowknife,CA,62.45,62.45,71.6,46,9.17,75
486,Port Elizabeth,US,39.31,39.31,72.27,100,5.39,1
487,Ahipara,NZ,-35.17,-35.17,55.38,94,12.06,0
488,Kumano,JP,34.34,34.34,75.78,50,3.36,75
489,Alofi,NU,-19.06,-19.06,82.4,69,8.05,40
490,Mataura,NZ,-46.19,-46.19,40.62,92,4.56,36
491,Bambous Virieux,MU,-20.34,-20.34,69.8,94,2.24,40
492,Te Anau,NZ,-45.41,-45.41,38.28,100,3.49,56
493,Lavrentiya,RU,65.58,65.58,41.34,83,20.22,92
494,Shimoda,JP,34.7,34.7,75.2,73,5.82,75
495,Khatanga,RU,71.98,71.98,58.35,91,20.45,100
496,Longyearbyen,NO,78.22,78.22,41.0,75,10.29,20
497,Angoram,PG,-4.06,-4.06,84.63,79,3.0,56
498,Vinukonda,IN,16.05,16.05,88.41,59,7.85,0
499,Petropavlovsk-Kamchatskiy,RU,53.05,53.05,48.2,81,6.71,75
500,Saskylakh,RU,71.97,71.97,66.54,66,16.46,92
501,Albany,US,42.65,42.65,62.19,45,10.29,20
502,Moyale,ET,3.52,3.52,64.11,99,4.38,92
503,Atuona,PF,-9.8,-9.8,80.67,100,15.97,0
504,Hobart,AU,-42.88,-42.88,55.4,58,10.29,75
505,Naryan-Mar,RU,67.67,67.67,41.79,77,10.16,64
506,Ribeira Grande,PT,38.52,38.52,69.6,100,8.63,92
507,Balclutha,NZ,-46.24,-46.24,39.36,93,5.84,0
508,Alofi,NU,-19.06,-19.06,82.4,69,8.05,40
509,Viedma,AR,-40.81,-40.81,35.67,60,7.29,32
510,Nikolskoye,RU,59.7,59.7,64.4,77,8.95,0
511,Bluff,AU,-23.58,-23.58,71.85,49,11.43,0
512,Kapaa,US,22.08,22.08,83.19,66,12.75,40
513,Albany,US,42.65,42.65,62.19,45,10.29,20
514,Encruzilhada,BR,-15.53,-15.53,59.16,100,2.77,88
515,Mar del Plata,AR,-46.43,-46.43,41.34,90,7.4,92
516,Husavik,CA,50.56,50.56,78.96,43,5.06,44
517,Puerto Ayora,EC,-0.74,-0.74,71.31,100,12.17,8
518,Lorengau,PG,-2.02,-2.02,84.9,98,6.02,12
519,Cabo San Lucas,MX,22.89,22.89,76.06,32,14.79,5
520,Vaini,IN,15.34,15.34,69.87,99,3.56,92
521,Northam,GB,51.04,51.04,46.4,75,4.7,0
522,Tilichiki,RU,60.47,60.47,58.62,73,4.79,8
523,Ballina,IE,54.11,54.11,40.26,100,4.38,0
524,New Norfolk,AU,-42.78,-42.78,55.4,58,10.29,75
525,Vila Franca do Campo,PT,37.72,37.72,68.0,72,5.82,75
526,Wasilla,US,61.58,61.58,62.58,68,4.7,90
527,Aklavik,CA,68.22,68.22,69.8,43,14.99,40
528,Hambantota,LK,6.12,6.12,77.97,100,13.11,76
529,Georgetown,GY,6.8,6.8,75.2,94,2.82,20
530,Montague,CA,46.17,46.17,46.4,87,3.36,5
531,Mount Gambier,AU,-37.83,-37.83,54.12,92,5.23,0
532,Kahului,US,20.89,20.89,82.81,58,21.92,20
533,Ribeira Grande,PT,38.52,38.52,69.6,100,8.63,92
534,Busselton,AU,-33.64,-33.64,60.24,100,5.23,64
535,Tasiilaq,GL,65.61,65.61,39.2,93,3.36,92
536,Ixtapa,MX,20.71,20.71,78.8,74,6.93,40
537,Ribeira Grande,PT,38.52,38.52,69.6,100,8.63,92
538,Sao Miguel do Araguaia,BR,-13.28,-13.28,65.64,86,2.77,0
539,Svetlyy Yar,RU,48.48,48.48,66.2,52,4.47,0
540,Hithadhoo,MV,-0.6,-0.6,82.83,100,8.75,48
541,Otradnoye,RU,59.77,59.77,64.4,77,8.95,0
542,Puerto Ayora,EC,-0.74,-0.74,71.31,100,12.17,8
543,Dobreni,RO,44.25,44.25,65.28,93,2.24,0
544,Kavieng,PG,-2.57,-2.57,84.99,100,4.27,8
545,Leshukonskoye,RU,64.9,64.9,55.92,85,4.5,24
546,Rikitea,PF,-23.12,-23.12,70.41,100,10.04,92
